username,firstname,lastname,email,password
uop_pramod,Pramode,Nayanajith,pramod@gmail.com,Abc@1234
uop_madura,Madura,Prasanna,lalantha@gmail.com,Abc@1235
uop_dinali,Dinali,Kavindya,deepthi@gmail.com,Abc@1236
uop_renuka,Renuka,Jayarathna,renu@gmail.com,Abc@1237
uop_nadee,Nadee,Yashodha,nadee@gmail.com,Abc@1238
uop_peshan,Peshan,Herath,peshan@gmail.com,Abc@1239